{"cameraMode":{"drawMode":0,"name":"Shaded","section":"Shading Mode"},"sceneLighting":true,"audioPlay":false,"sceneViewState":{"showFog":true,"showMaterialUpdate":true,"showSkybox":true,"showFlares":true,"showImageEffects":true,"showParticleSystems":true},"in2DMode":false,"pivot":{"x":0.23721659183502198,"y":1.7362990379333497,"z":-0.8406902551651001},"rotation":{"x":0.2993640899658203,"y":0.40327760577201846,"z":-0.14152057468891145,"w":0.8530669212341309},"size":37.596923828125,"orthographic":false}