{"cameraMode":{"drawMode":0,"name":"Shaded","section":"Shading Mode"},"sceneLighting":true,"audioPlay":false,"sceneViewState":{"showFog":true,"showMaterialUpdate":true,"showSkybox":true,"showFlares":true,"showImageEffects":true,"showParticleSystems":true},"in2DMode":false,"pivot":{"x":0.029999971389770509,"y":0.0,"z":4.050000190734863},"rotation":{"x":0.07276766002178192,"y":0.6022582650184631,"z":-0.05526091158390045,"w":0.793054461479187},"size":40.48040008544922,"orthographic":false}